Feature_1,Feature_2,Correlation
S_RA,S_RA_H,0.9999999999999936
S_AGE_ERROR_MIN,S_AGE_ERROR_MAX,-0.9999999999993416
S_AGE_ERROR_MAX,S_ABIO_ZONE,-0.9999977113120694
S_AGE_ERROR_MIN,S_ABIO_ZONE,0.9999977113117808
S_LUMINOSITY,S_HZ_OPT_MIN,0.9999974066261936
P_RADIUS_ERROR_MIN,P_RADIUS_ERROR_MAX,-0.9999895932701136
P_RADIUS_ERROR_MIN,S_HZ_OPT_MIN,0.9999887764545432
P_RADIUS_ERROR_MIN,S_LUMINOSITY,0.9999832741820062
P_RADIUS_ERROR_MAX,S_HZ_OPT_MIN,-0.9999752123819374
P_RADIUS_ERROR_MAX,S_LUMINOSITY,-0.9999700649624166
S_METALLICITY_ERROR_MIN,S_METALLICITY_ERROR_MAX,-0.999952549635884
P_RADIUS_ERROR_MIN,S_ABIO_ZONE,-0.999937621557701
P_RADIUS_ERROR_MIN,S_AGE_ERROR_MIN,-0.9999375263512014
P_RADIUS_ERROR_MIN,S_AGE_ERROR_MAX,0.9999375260715219
S_HZ_OPT_MIN,S_ABIO_ZONE,-0.9999354271409973
S_AGE_ERROR_MIN,S_HZ_OPT_MIN,-0.9999340509695568
S_AGE_ERROR_MAX,S_HZ_OPT_MIN,0.999934050802463
S_LUMINOSITY,S_ABIO_ZONE,-0.9999296812171081
S_AGE_ERROR_MIN,S_LUMINOSITY,-0.9999283126514329
S_AGE_ERROR_MAX,S_LUMINOSITY,0.9999283125873519
P_RADIUS_ERROR_MAX,S_ABIO_ZONE,0.9999246831636148
P_RADIUS_ERROR_MAX,S_AGE_ERROR_MIN,0.9999243704845706
P_RADIUS_ERROR_MAX,S_AGE_ERROR_MAX,-0.9999243704531945
P_FLUX,P_FLUX_MIN,0.9999163405390854
P_GRAVITY,P_DENSITY,0.9999098521619356
P_DISTANCE,P_SEMI_MAJOR_AXIS_EST,0.9998793718820963
P_POTENTIAL,P_GRAVITY,0.9998648078916388
P_ESCAPE,P_POTENTIAL,0.9998529292623599
S_TEMPERATURE_ERROR_MIN,S_TEMPERATURE_ERROR_MAX,-0.999809422408614
S_RADIUS,S_RADIUS_EST,0.9997713967669742
S_TEMPERATURE_ERROR_MAX,S_ABIO_ZONE,0.9996746790258813
S_AGE_ERROR_MIN,S_TEMPERATURE_ERROR_MAX,0.9996727978849942
S_AGE_ERROR_MAX,S_TEMPERATURE_ERROR_MAX,-0.999672797316246
P_FLUX,P_FLUX_MAX,0.9996471788271861
P_ESCAPE,P_GRAVITY,0.999642545579056
P_RADIUS_ERROR_MIN,S_TEMPERATURE_ERROR_MAX,-0.9996374344493817
P_RADIUS_ERROR_MAX,S_TEMPERATURE_ERROR_MAX,0.9996337672865551
S_TEMPERATURE_ERROR_MAX,S_HZ_OPT_MIN,-0.9996176475988952
P_POTENTIAL,P_DENSITY,0.999616453327566
S_TEMPERATURE_ERROR_MAX,S_LUMINOSITY,-0.9996135758513964
P_RADIUS_ERROR_MAX,S_TEMPERATURE_ERROR_MIN,-0.9995245440023597
S_METALLICITY_ERROR_MIN,S_ABIO_ZONE,0.9995138988092273
S_METALLICITY_ERROR_MIN,S_AGE_ERROR_MAX,-0.9995111850660021
S_METALLICITY_ERROR_MIN,S_AGE_ERROR_MIN,0.9995111768792968
S_TEMPERATURE_ERROR_MIN,S_ABIO_ZONE,-0.9995064719747184
S_AGE_ERROR_MAX,S_TEMPERATURE_ERROR_MIN,0.9995047433517467
S_AGE_ERROR_MIN,S_TEMPERATURE_ERROR_MIN,-0.9995047428524674
S_METALLICITY,S_ABIO_ZONE,-0.9994956781138746
S_METALLICITY,S_AGE_ERROR_MIN,-0.9994939925071851
S_METALLICITY,S_AGE_ERROR_MAX,0.9994939886461235
S_METALLICITY_ERROR_MAX,S_ABIO_ZONE,-0.9994915535099835
S_METALLICITY_ERROR_MAX,S_AGE_ERROR_MAX,0.9994890303251985
S_METALLICITY_ERROR_MAX,S_AGE_ERROR_MIN,-0.9994890221184242
P_RADIUS_ERROR_MIN,S_TEMPERATURE_ERROR_MIN,0.999473942357765
P_ESCAPE,S_ABIO_ZONE,0.9994712846120215
S_AGE_ERROR_MIN,P_ESCAPE,0.9994661899714196
S_AGE_ERROR_MAX,P_ESCAPE,-0.999466189130571
S_TEMPERATURE_ERROR_MIN,S_HZ_OPT_MIN,0.999451354178299
S_TEMPERATURE_ERROR_MIN,S_LUMINOSITY,0.9994482288577443
S_METALLICITY_ERROR_MIN,S_HZ_OPT_MIN,-0.9994411754036154
S_METALLICITY_ERROR_MIN,S_LUMINOSITY,-0.999438821536205
P_RADIUS_ERROR_MIN,S_METALLICITY,0.9994349524588115
P_PERIOD,P_PERIOD_ERROR_MIN,-0.9994307504871677
P_RADIUS_ERROR_MIN,S_METALLICITY_ERROR_MIN,-0.9994272954416937
P_RADIUS_ERROR_MAX,S_METALLICITY,-0.9994207096471354
S_METALLICITY,S_HZ_OPT_MIN,0.9994199997414792
S_METALLICITY_ERROR_MAX,S_HZ_OPT_MIN,0.9994186394843907
S_METALLICITY_ERROR_MAX,S_LUMINOSITY,0.999416746559469
P_RADIUS_ERROR_MIN,P_ESCAPE,-0.9994140130043268
P_RADIUS_ERROR_MAX,S_METALLICITY_ERROR_MIN,0.9994092881256978
P_RADIUS_ERROR_MIN,S_METALLICITY_ERROR_MAX,0.9994061161417178
P_RADIUS_ERROR_MAX,P_ESCAPE,0.9994057637912553
P_ESCAPE,S_HZ_OPT_MIN,-0.9994036828697642
S_METALLICITY,S_LUMINOSITY,0.9994029745280962
P_ESCAPE,S_LUMINOSITY,-0.9993980749467293
P_ESCAPE,P_DENSITY,0.9993969389866593
P_RADIUS_ERROR_MAX,S_METALLICITY_ERROR_MAX,-0.9993901994475991
P_PERIOD,P_PERIOD_ERROR_MAX,0.9993162356469631
P_GRAVITY,S_ABIO_ZONE,0.9992582693274827
S_AGE_ERROR_MIN,P_GRAVITY,0.9992573413303732
S_AGE_ERROR_MAX,P_GRAVITY,-0.9992573408845852
P_POTENTIAL,S_ABIO_ZONE,0.9992562961906017
S_AGE_ERROR_MIN,P_POTENTIAL,0.9992519160120574
S_AGE_ERROR_MAX,P_POTENTIAL,-0.9992519153874475
P_FLUX_MIN,P_FLUX_MAX,0.9992233540744199
S_METALLICITY,S_TEMPERATURE_ERROR_MAX,-0.9992191318781879
P_RADIUS_ERROR_MIN,P_GRAVITY,-0.9991978707677047
P_RADIUS_ERROR_MIN,P_POTENTIAL,-0.9991944805934366
P_POTENTIAL,S_HZ_OPT_MIN,-0.9991896326959291
P_GRAVITY,S_HZ_OPT_MIN,-0.9991887278315419
P_RADIUS_ERROR_MAX,P_GRAVITY,0.999183364617753
S_TEMPERATURE_ERROR_MAX,P_ESCAPE,0.999183238505189
P_POTENTIAL,S_LUMINOSITY,-0.9991830626409917
P_RADIUS_ERROR_MAX,P_POTENTIAL,0.9991826019455925
P_GRAVITY,S_LUMINOSITY,-0.9991816969966424
P_DENSITY,S_ABIO_ZONE,0.9990400726623986
S_AGE_ERROR_MIN,P_DENSITY,0.9990396964696566
S_AGE_ERROR_MAX,P_DENSITY,-0.9990396959864947
S_METALLICITY,S_TEMPERATURE_ERROR_MIN,0.9990207027354999
S_TEMPERATURE_ERROR_MIN,P_ESCAPE,-0.9990201107742905
P_RADIUS_ERROR_MIN,P_DENSITY,-0.9989796221058566
P_DENSITY,S_HZ_OPT_MIN,-0.9989703219019367
P_RADIUS_ERROR_MAX,P_DENSITY,0.9989644370286218
P_DENSITY,S_LUMINOSITY,-0.9989630642897717
S_METALLICITY,P_ESCAPE,-0.9989513537961662
S_TEMPERATURE_ERROR_MAX,P_POTENTIAL,0.9989434989158529
P_PERIOD_ERROR_MIN,P_PERIOD_ERROR_MAX,-0.9989329312622456
S_TEMPERATURE_ERROR_MAX,P_GRAVITY,0.9989287836228196
S_METALLICITY_ERROR_MIN,P_ESCAPE,0.998927577991363
S_METALLICITY_ERROR_MIN,S_TEMPERATURE_ERROR_MAX,0.998909107632754
S_METALLICITY_ERROR_MAX,P_ESCAPE,-0.9989019554934228
S_METALLICITY_ERROR_MAX,S_TEMPERATURE_ERROR_MAX,-0.9988941255422622
S_METALLICITY,S_METALLICITY_ERROR_MIN,-0.9988904616814248
S_MAG,S_TEMPERATURE_ERROR_MAX,0.9988896379735951
P_RADIUS_ERROR_MIN,S_MAG,-0.9988745254019761
S_MAG,S_AGE_ERROR_MIN,0.9988620669139666
S_MAG,S_AGE_ERROR_MAX,-0.9988620573012743
P_RADIUS_ERROR_MAX,S_MAG,0.9988567626408603
S_MAG,S_ABIO_ZONE,0.9988563724562284
S_METALLICITY,S_METALLICITY_ERROR_MAX,0.9988462181043521
S_MAG,S_HZ_OPT_MIN,-0.998818282476017
S_MAG,S_LUMINOSITY,-0.998802060429803
S_TEMPERATURE_ERROR_MIN,P_POTENTIAL,-0.9987791078438544
S_TEMPERATURE_ERROR_MIN,P_GRAVITY,-0.998760584107056
S_METALLICITY,P_GRAVITY,-0.9987543181987729
S_METALLICITY,P_POTENTIAL,-0.998746198776135
S_MAG,S_TEMPERATURE_ERROR_MIN,-0.998742485489722
S_METALLICITY_ERROR_MIN,P_GRAVITY,0.9987390920249916
S_METALLICITY_ERROR_MIN,P_POTENTIAL,0.9987279123244361
S_METALLICITY_ERROR_MAX,P_GRAVITY,-0.998715587120347
S_METALLICITY_ERROR_MAX,S_TEMPERATURE_ERROR_MIN,0.998709479336573
S_TEMPERATURE_ERROR_MAX,P_DENSITY,0.998705098989707
S_METALLICITY_ERROR_MAX,P_POTENTIAL,-0.9987045008262102
P_SEMI_MAJOR_AXIS,P_SEMI_MAJOR_AXIS_EST,0.9987016993402158
S_METALLICITY_ERROR_MIN,S_TEMPERATURE_ERROR_MIN,-0.9987001640942186
P_RADIUS,S_AGE_ERROR_MIN,-0.9986928268030055
P_RADIUS,S_AGE_ERROR_MAX,0.9986928219411335
P_RADIUS,S_ABIO_ZONE,-0.9986860034175343
P_RADIUS,S_HZ_OPT_MIN,0.9986232469197359
P_RADIUS,S_LUMINOSITY,0.9986076210355029
P_RADIUS,P_RADIUS_ERROR_MIN,0.998603035212828
P_SEMI_MAJOR_AXIS,P_DISTANCE,0.9985590421797327
S_METALLICITY,P_DENSITY,-0.9985441144755572
S_TEMPERATURE_ERROR_MIN,P_DENSITY,-0.9985363864379787
P_RADIUS,P_RADIUS_ERROR_MAX,-0.9985276602767043
S_METALLICITY_ERROR_MIN,P_DENSITY,0.9985172534875931
S_METALLICITY_ERROR_MAX,P_DENSITY,-0.9984942188202435
S_MAG,S_METALLICITY,-0.9984050943278061
P_RADIUS,S_METALLICITY,0.9983681459230349
S_MAG,P_ESCAPE,0.998357376168951
P_RADIUS,S_TEMPERATURE_ERROR_MAX,-0.9983069474910273
S_MAG,P_GRAVITY,0.9981909713630286
S_MAG,P_POTENTIAL,0.9981659616152836
P_RADIUS,S_TEMPERATURE_ERROR_MIN,0.9981481870607615
P_RADIUS,P_GRAVITY,-0.9981156689023903
P_RADIUS,P_ESCAPE,-0.9980049089100842
P_RADIUS,P_POTENTIAL,-0.9979913751202514
P_RADIUS,S_METALLICITY_ERROR_MAX,0.9979770582847916
S_MAG,P_DENSITY,0.9979767534447993
P_RADIUS,S_MAG,-0.9979646109447687
P_RADIUS,S_METALLICITY_ERROR_MIN,-0.9979613022760185
P_RADIUS,P_DENSITY,-0.9979461588338846
S_MAG,S_METALLICITY_ERROR_MIN,0.9977998272888112
S_MAG,S_METALLICITY_ERROR_MAX,-0.9977963208694396
P_RADIUS_ERROR_MIN,S_DISTANCE_ERROR_MIN,0.9973956652837296
P_RADIUS_ERROR_MAX,S_DISTANCE_ERROR_MIN,-0.997388849250647
S_DISTANCE_ERROR_MIN,S_HZ_OPT_MIN,0.9973673229801977
S_DISTANCE_ERROR_MIN,S_LUMINOSITY,0.99736141287524
S_DISTANCE_ERROR_MIN,S_AGE_ERROR_MAX,0.9973102490111796
S_DISTANCE_ERROR_MIN,S_AGE_ERROR_MIN,-0.99731024746965
S_DISTANCE_ERROR_MIN,S_ABIO_ZONE,-0.9973076316148461
S_DISTANCE_ERROR_MIN,S_TEMPERATURE_ERROR_MAX,-0.9972018114345755
S_DISTANCE_ERROR_MIN,S_TEMPERATURE_ERROR_MIN,0.9970752161523465
S_DISTANCE_ERROR_MIN,S_METALLICITY,0.9968202997283899
S_DISTANCE_ERROR_MIN,P_ESCAPE,-0.9968004392734686
S_MAG,S_DISTANCE_ERROR_MIN,-0.9966630739214677
S_DISTANCE_ERROR_MIN,S_METALLICITY_ERROR_MAX,0.9966018084519124
S_DISTANCE_ERROR_MIN,S_METALLICITY_ERROR_MIN,-0.9965931124672389
S_DISTANCE_ERROR_MIN,P_POTENTIAL,-0.9965762675355974
S_DISTANCE_ERROR_MIN,P_GRAVITY,-0.9965664015837823
S_DISTANCE_ERROR_MIN,P_DENSITY,-0.9963422500848138
P_RADIUS,S_DISTANCE_ERROR_MIN,0.9961233866141065
S_CONSTELLATION,S_CONSTELLATION_ABR,0.995946516320734
P_NAME,S_NAME,0.9958748549858082
S_MAG,S_LOG_G,0.995476229275362
S_LOG_G,S_HZ_OPT_MIN,-0.9945689024656744
S_LOG_G,S_LUMINOSITY,-0.9945616497124632
P_RADIUS_ERROR_MIN,S_LOG_G,-0.9944849676845118
P_RADIUS_ERROR_MAX,S_LOG_G,0.9944548422301934
S_LOG_G,S_ABIO_ZONE,0.9944454409314238
S_AGE_ERROR_MIN,S_LOG_G,0.9944450827988716
S_AGE_ERROR_MAX,S_LOG_G,-0.9944450716592521
S_TEMPERATURE_ERROR_MAX,S_LOG_G,0.9943500320822589
S_TEMPERATURE_ERROR_MIN,S_LOG_G,-0.9942718189354858
S_LOG_G,P_ESCAPE,0.993970386503627
S_LOG_G,P_GRAVITY,0.9938370891821385
S_LOG_G,P_POTENTIAL,0.9938232108928466
P_RADIUS,S_LOG_G,-0.9937819021185453
S_LOG_G,P_DENSITY,0.9936308698904539
S_METALLICITY,S_LOG_G,-0.993516568743867
S_METALLICITY_ERROR_MAX,S_LOG_G,-0.9934231113188937
S_METALLICITY_ERROR_MIN,S_LOG_G,0.9933186341134699
S_DISTANCE_ERROR_MIN,S_DISTANCE_ERROR_MAX,-0.993027098033556
S_RADIUS,S_LOG_G,-0.9924615854436718
S_LOG_G,S_RADIUS_EST,-0.9922203764547642
S_DISTANCE_ERROR_MIN,S_LOG_G,-0.9917704923052582
P_TEMP_EQUIL,P_TEMP_EQUIL_MAX,0.9910500435974374
S_MAG,S_RADIUS,-0.990175629169126
S_RADIUS,S_LUMINOSITY,0.9896610827106014
S_RADIUS,S_HZ_OPT_MIN,0.9894852862903627
S_MAG,S_RADIUS_EST,-0.9894079860776683
P_RADIUS_ERROR_MIN,S_RADIUS,0.9892008474613134
P_RADIUS_ERROR_MAX,S_RADIUS,-0.9891771878656943
S_RADIUS,S_TEMPERATURE_ERROR_MAX,-0.9891538915781763
S_RADIUS,S_ABIO_ZONE,-0.9891469637833215
S_RADIUS,S_AGE_ERROR_MIN,-0.9891463229644722
S_RADIUS,S_AGE_ERROR_MAX,0.9891463179098293
S_RADIUS,S_TEMPERATURE_ERROR_MIN,0.9889458965913438
S_RADIUS_EST,S_LUMINOSITY,0.9888580530019135
S_RADIUS_EST,S_HZ_OPT_MIN,0.9886795373600961
S_RADIUS,P_ESCAPE,-0.9886264179885672
S_RADIUS,P_GRAVITY,-0.988451277002187
S_RADIUS,P_POTENTIAL,-0.9884396220798632
P_RADIUS_ERROR_MIN,S_RADIUS_EST,0.9883789802248493
P_RADIUS_ERROR_MAX,S_RADIUS_EST,-0.9883550393011996
S_TEMPERATURE_ERROR_MAX,S_RADIUS_EST,-0.9883348898693789
S_RADIUS_EST,S_ABIO_ZONE,-0.9883252588775943
S_AGE_ERROR_MIN,S_RADIUS_EST,-0.9883246671430032
S_AGE_ERROR_MAX,S_RADIUS_EST,0.9883246621702934
S_METALLICITY_ERROR_MIN,S_RADIUS,-0.9883124874429592
S_METALLICITY_ERROR_MAX,S_RADIUS,0.9882911316940485
S_RADIUS,P_DENSITY,-0.9882416790508357
P_RADIUS,S_RADIUS,0.9881418864953073
S_TEMPERATURE_ERROR_MIN,S_RADIUS_EST,0.9881257863709755
S_METALLICITY,S_RADIUS,0.9879212640259992
P_ESCAPE,S_RADIUS_EST,-0.9878050771685125
P_TEMP_EQUIL,P_TEMP_EQUIL_MIN,0.9877940557516062
P_GRAVITY,S_RADIUS_EST,-0.9876312418606004
P_POTENTIAL,S_RADIUS_EST,-0.9876192121154247
S_METALLICITY_ERROR_MIN,S_RADIUS_EST,-0.9875106877429618
S_METALLICITY_ERROR_MAX,S_RADIUS_EST,0.9874931109583883
P_DENSITY,S_RADIUS_EST,-0.9874220115275144
P_RADIUS,S_RADIUS_EST,0.9873293742649406
S_METALLICITY,S_RADIUS_EST,0.9871013604280404
S_DISTANCE_ERROR_MIN,S_RADIUS,0.9864576874045036
S_DISTANCE_ERROR_MIN,S_RADIUS_EST,0.9856322143918763
S_DISTANCE_ERROR_MAX,S_TEMPERATURE_ERROR_MIN,-0.984793295278195
S_MAG,S_DISTANCE_ERROR_MAX,0.9844102441579442
S_DISTANCE_ERROR_MAX,S_TEMPERATURE_ERROR_MAX,0.9842054524136962
P_RADIUS_ERROR_MAX,S_DISTANCE_ERROR_MAX,0.9839660325698877
P_RADIUS_ERROR_MIN,S_DISTANCE_ERROR_MAX,-0.9838484549236893
S_DISTANCE_ERROR_MAX,S_HZ_OPT_MIN,-0.9837513689888833
S_DISTANCE_ERROR_MAX,S_LUMINOSITY,-0.9837510415538464
S_DISTANCE_ERROR_MAX,S_AGE_ERROR_MAX,-0.9835755739508102
S_DISTANCE_ERROR_MAX,S_AGE_ERROR_MIN,0.9835755605407653
S_DISTANCE_ERROR_MAX,S_ABIO_ZONE,0.9835650452737995
S_DISTANCE_ERROR_MAX,P_ESCAPE,0.983096174614228
S_DISTANCE_ERROR_MAX,S_METALLICITY,-0.9830393301654498
P_RADIUS,S_DISTANCE_ERROR_MAX,-0.9830294713301235
S_DISTANCE_ERROR_MAX,P_POTENTIAL,0.9828565428272673
S_DISTANCE_ERROR_MAX,P_GRAVITY,0.9828286048474717
S_DISTANCE_ERROR_MAX,P_DENSITY,0.9825979994951319
S_DISTANCE_ERROR_MAX,S_METALLICITY_ERROR_MAX,-0.9821547087159023
P_RADIUS,P_TEMP_EQUIL_MAX,0.9821342337515397
S_DISTANCE_ERROR_MAX,S_METALLICITY_ERROR_MIN,0.9819890664723259
S_METALLICITY,P_TEMP_EQUIL_MAX,0.9803595016713363
P_TEMP_EQUIL_MAX,S_HZ_OPT_MIN,0.9802895290503104
P_TEMP_EQUIL_MAX,S_ABIO_ZONE,-0.9802816844281574
S_AGE_ERROR_MIN,P_TEMP_EQUIL_MAX,-0.9802768256538075
S_AGE_ERROR_MAX,P_TEMP_EQUIL_MAX,0.9802768148071098
P_TEMP_EQUIL_MAX,S_LUMINOSITY,0.9802658990947213
P_RADIUS_ERROR_MIN,P_TEMP_EQUIL_MAX,0.9800175538293331
P_RADIUS_ERROR_MAX,P_TEMP_EQUIL_MAX,-0.979937312626983
P_GRAVITY,P_TEMP_EQUIL_MAX,-0.9798967649123068
P_POTENTIAL,P_TEMP_EQUIL_MAX,-0.9798611240254961
S_METALLICITY_ERROR_MIN,P_TEMP_EQUIL_MAX,-0.9798290020632648
S_METALLICITY_ERROR_MAX,P_TEMP_EQUIL_MAX,0.9797484820328768
P_ESCAPE,P_TEMP_EQUIL_MAX,-0.979733351196747
P_DENSITY,P_TEMP_EQUIL_MAX,-0.9796897866685005
S_TEMPERATURE_ERROR_MAX,P_TEMP_EQUIL_MAX,-0.9790860740684183
S_TEMPERATURE_ERROR_MIN,P_TEMP_EQUIL_MAX,0.9786984494443025
S_DISTANCE_ERROR_MAX,S_LOG_G,0.9782855746059137
S_MAG,P_TEMP_EQUIL_MAX,-0.9780196678473987
S_DISTANCE_ERROR_MIN,P_TEMP_EQUIL_MAX,0.976691303227901
S_LOG_G,P_TEMP_EQUIL_MAX,-0.9758675816531729
S_DISTANCE_ERROR_MAX,S_RADIUS,-0.9732944209922814
S_DISTANCE_ERROR_MAX,S_RADIUS_EST,-0.972477706383985
S_RADIUS,P_TEMP_EQUIL_MAX,0.9713021370328349
P_TEMP_EQUIL_MAX,S_RADIUS_EST,0.970662790349141
S_DISTANCE_ERROR_MAX,P_TEMP_EQUIL_MAX,-0.9604746971330688
P_TEMP_EQUIL_MIN,P_TEMP_EQUIL_MAX,0.9583154706689921
P_RADIUS,P_TEMP_EQUIL,0.9503683373261774
